Category,Frequency,Percentage (%)
0,187168,82.00023657958494
1,34564,15.142845877162623
2,5863,2.568640937906621
3,557,0.24402746075626608
4,49,0.02146740678107188
5,34,0.01489575164400906
7,12,0.005257324109650257
9,2,0.0008762206849417095
6,2,0.0008762206849417095
10,1,0.00043811034247085475
12,1,0.00043811034247085475
