Category,Frequency,Percentage (%)
0,228245,99.99649511726022
1,8,0.003504882739766838
