Category,Frequency,Percentage (%)
0,214904,94.15166503835655
1,13349,5.848334961643439
