Category,Frequency,Percentage (%)
2,139384,61.065571974957614
1,48384,21.197530810109836
0,20454,8.961108944898863
3,14869,6.5142626821991385
4,4640,2.032831989064766
5,451,0.1975877644543555
7,42,0.0184006343837759
6,29,0.012705199931654787
