Category,Frequency,Percentage (%)
0,228243,99.9956188965753
1,6,0.0026286620548251283
2,4,0.001752441369883419
