Learning Rate,F1-Score,AUC-ROC,PR-AUC,Accuracy,Precision,Recall,Final Train Loss,Final Val Loss
0.0015,0.9906216235683929,0.9976805006917602,0.9974850796964783,0.990533662934419,0.9815015700827862,0.9999127526537734,0.03559142351150513,0.03504389151930809
0.002,0.9905788124117664,0.9976585055304756,0.9974595104035096,0.9904900392613059,0.9814175206234123,0.9999127526537734,0.035765279084444046,0.03526121377944946
0.0025,0.9905362776025238,0.9976548462251249,0.997454799000572,0.9904464155881926,0.9813060106170444,0.9999418351025157,0.03670818358659744,0.035556722432374954
