Category,Frequency,Percentage (%)
0,133779,58.609963505408466
3,67688,29.654812861167212
4,12247,5.3655373642405575
1,10574,4.632578761286818
2,3965,1.737107507896939
