Category,Frequency,Percentage (%)
0,187168,82.00023657958494
1,34564,15.142845877162623
2,5863,2.568640937906621
3,658,0.2882766053458224
