Category,Frequency,Percentage (%)
2,139384,61.065571974957614
1,48384,21.197530810109836
0,20454,8.961108944898863
3,20031,8.77578827003369
