Category,Frequency,Percentage (%)
2,142478,62.42108537456244
0,81828,35.8496931037051
3,2235,0.9791766154223603
1,1712,0.7500449063101032
