Batch Size,F1-Score,AUC-ROC,PR-AUC,Accuracy,Precision,Recall,Final Train Loss,Final Val Loss
16,0.9902367375151202,0.9973887534487303,0.9949407459924804,0.9901410498763996,0.9807182178613195,0.9999418351025157,0.03547731786966324,0.03857693076133728
32,0.9903080401503478,0.997651299409688,0.9974503265955175,0.990213755998255,0.9808581046385576,0.9999418351025157,0.036046866327524185,0.03632223978638649
64,0.9906218937724188,0.9976694724512729,0.9974726298537651,0.990533662934419,0.9814740808403745,0.9999418351025157,0.03432950749993324,0.0357668474316597
128,0.9903074818175271,0.9976222351454055,0.9974202660635223,0.990213755998255,0.9809129814550642,0.9998836702050312,0.03478405624628067,0.036045487970113754
256,0.9906504357847727,0.9976794709438659,0.9974819364349768,0.9905627453831612,0.981530117042535,0.9999418351025157,0.033884599804878235,0.03489460051059723
512,0.9905930823861591,0.997649206505241,0.997445685668374,0.9905045804856769,0.9814455355103905,0.9999127526537734,0.03460849076509476,0.035272009670734406
1024,0.9906221639608753,0.9976806825363573,0.9974843704205268,0.990533662934419,0.9814465947365416,0.9999709175512578,0.034270837903022766,0.03530286252498627
