,Validation,Test
Accuracy,0.9847898793078377,0.9739764736807518
Precision,0.9714091796046492,0.6924675324675325
Recall,0.9989821142940235,0.998501872659176
F1 Score,0.9850027241705618,0.8177914110429446
ROC AUC,0.9964545437456677,0.9963660887699965
PR AUC,0.9954240234143237,0.9474738939165835
