Activation,F1-Score,AUC-ROC,PR-AUC,Accuracy,Precision,Recall
relu,0.9905930823861591,0.9976716334417205,0.9974746201066648,0.9905045804856769,0.9814455355103905,0.9999127526537734
sigmoid,0.990535732292312,0.9976117811955306,0.9973993662692904,0.9904464155881926,0.9813609636353257,0.9998836702050312
tanh,0.9905645428484997,0.9976027447877261,0.9973899248450979,0.9904754980369347,0.981389507335731,0.9999127526537734
