F1-Score,AUC-ROC,PR-AUC,Accuracy,Precision,Recall
0.8721558356523161,0.9973416744459946,0.9676864672376465,0.9828919410308646,0.7746437917999418,0.9977528089887641
