F1-Score,AUC-ROC,PR-AUC,Accuracy,Precision,Recall
0.8735669832951194,0.9976566686072507,0.9684185265888792,0.9830890889575256,0.7761932479627474,0.998876404494382
